<?xml version="1.0" encoding="UTF-8"?>
<project-private xmlns="http://www.netbeans.org/ns/project-private/1">
    <editor-bookmarks xmlns="http://www.netbeans.org/ns/editor-bookmarks/2" lastBookmarkId="0"/>
    <open-files xmlns="http://www.netbeans.org/ns/projectui-open-files/2">
        <group>
            <file>file:/home/pedro/NetBeansProjects/socialmedia/src/negocio/Sistema.java</file>
            <file>file:/home/pedro/NetBeansProjects/socialmedia/src/negocio/Seguranca.java</file>
            <file>file:/home/pedro/NetBeansProjects/socialmedia/src/persistencia/database.sql</file>
            <file>file:/home/pedro/NetBeansProjects/socialmedia/src/apresentacao/MainFrame.java</file>
            <file>file:/home/pedro/NetBeansProjects/socialmedia/src/persistencia/PostDAO.java</file>
        </group>
    </open-files>
</project-private>
