<?xml version="1.0" encoding="UTF-8"?>
<project-private xmlns="http://www.netbeans.org/ns/project-private/1">
    <editor-bookmarks xmlns="http://www.netbeans.org/ns/editor-bookmarks/2" lastBookmarkId="0"/>
    <open-files xmlns="http://www.netbeans.org/ns/projectui-open-files/2">
        <group>
            <file>file:/C:/Users/08248067947/Documents/NetBeansProjects/JavaApplication1/src/persistencia/MensagemDAO.java</file>
            <file>file:/C:/Users/08248067947/Documents/NetBeansProjects/JavaApplication1/src/persistencia/ConversaDAO.java</file>
            <file>file:/C:/Users/08248067947/Documents/NetBeansProjects/JavaApplication1/src/apresentacao/MainFrame.java</file>
            <file>file:/C:/Users/08248067947/Documents/NetBeansProjects/JavaApplication1/src/negocio/Sistema.java</file>
            <file>file:/C:/Users/08248067947/Documents/NetBeansProjects/JavaApplication1/src/persistencia/UsuarioDAO.java</file>
            <file>file:/C:/Users/08248067947/Documents/NetBeansProjects/JavaApplication1/src/persistencia/Conexao.java</file>
            <file>file:/C:/Users/08248067947/Documents/NetBeansProjects/JavaApplication1/src/persistencia/database.sql</file>
            <file>file:/C:/Users/08248067947/Documents/NetBeansProjects/JavaApplication1/src/persistencia/PostDAO.java</file>
            <file>file:/C:/Users/08248067947/Documents/NetBeansProjects/JavaApplication1/src/persistencia/DAO.java</file>
            <file>file:/C:/Users/08248067947/Documents/NetBeansProjects/JavaApplication1/src/persistencia/ComentarioDAO.java</file>
        </group>
    </open-files>
</project-private>
